hour,hour_label,total_delivery_count,avg_hour_ratio,demand_rank
1,0-2h,29285714,0.032035,8
2,2-4h,35534075,0.023877,9
3,6-8h,57078701,0.062367,7
4,8-10h,120340160,0.154092,4
5,10-12h,109780994,0.155149,3
6,12-14h,98305051,0.135621,5
7,14-18h,118076964,0.170852,1
8,18-21h,101984992,0.168505,2
9,21-23h,57918142,0.08061,6
10,23-24h,14361615,0.016892,10
