metric,motorcycle,drone_robot
배송 시간,0.0,0.5138888888888888
배송 비용,0.0,0.37777777777777777
탄소 배출,0.0,0.935483870967742
기상 안정성,0.4,0.3
야간 운영,0.7,0.95
경사지 대응,0.9,0.6
